_id,sport_category_id,sport_name_ja,sport_name_en,sport_type,sport_description,stadium_id,sport_date,disabled
1,1,開・閉会式,Opening and Closing,セレモニー,開会式が行われます。,1,10/1,0
2,1,陸上競技,Athletics,全種別,陸上競技は、「走る・跳ぶ・投げる」を競技化した最もシンプルなスポーツです。トラック競技とフィールド競技があり、トラック競技は、短距離走、中・長距離走、ハードル・障害物競走、リレー、競歩の5つに大別されます。フィールド競技は、走高跳、棒高跳、走幅跳、三段跳の「跳躍競技」と、砲丸投、円盤投、ハンマー投、やり投の「投てき競技」の2つに分けられます。代表選手のスピード、パワー、テクニック、躍動感とともに、スタート前の表情やレース中の駆け引き、ゴール直前での激しい競り合いなど見どころがいっぱいです。,1,"10/7,10/8,10/9,10/10,10/11",0
3,1,サッカー,Football,成年男子,サッカーは、手や腕を使わないでボールを奪い合い、脚でボールを蹴ったり、ヘディングしたりして相手ゴールにボールを入れ、得点を競い合うスポーツです。国民体育大会での競技時間は、前・後半各35分の計70分間で行われます。チームの作戦やフォーメーション、相手をかわすドリブル、強烈なシュート、1本の創造性豊かなパスやサイドチェンジなど、素晴らしい個人技や戦術が楽しめます。,4,"10/2,10/3,10/4,10/5,10/6",0
4,1,サッカー,Football,女子,サッカーは、手や腕を使わないでボールを奪い合い、脚でボールを蹴ったり、ヘディングしたりして相手ゴールにボールを入れ、得点を競い合うスポーツです。国民体育大会での競技時間は、前・後半各35分の計70分間で行われます。チームの作戦やフォーメーション、相手をかわすドリブル、強烈なシュート、1本の創造性豊かなパスやサイドチェンジなど、素晴らしい個人技や戦術が楽しめます。,4,"10/2,10/3,10/5",0
5,1,サッカー,Football,少年男子,サッカーは、手や腕を使わないでボールを奪い合い、脚でボールを蹴ったり、ヘディングしたりして相手ゴールにボールを入れ、得点を競い合うスポーツです。国民体育大会での競技時間は、前・後半各35分の計70分間で行われます。チームの作戦やフォーメーション、相手をかわすドリブル、強烈なシュート、1本の創造性豊かなパスやサイドチェンジなど、素晴らしい個人技や戦術が楽しめます。,8,"10/2,10/3,10/4,10/5,10/6",0
6,1,テニス,Tennis,成年男子,テニスは、ネットを挟んでラケットでボールをワンバウンド以内で打ち合い、得点を競うスポーツです。国民体育大会では、都道府県対抗の団体戦(シングルス2試合、ダブルス1試合)をトーナメント方式により行います。先にシングルス2試合を行い、2勝すれば勝利となり、1対1となった場合にはダブルス1試合を行います。しなやかな腕の振りから打ち出される強烈なサーブ、コースを狙った正確なストローク、ネット際での激しいボレー戦など、白熱したラリーの応酬が見ものです。さらに、ダブルスでは絶妙なコンビネーションや状況に応じて攻撃を仕掛けるゲームの駆け引きも見落とせないポイントです。,10,"10/2,10/3,10/4,10/5",0
7,1,テニス,Tennis,成年女子,テニスは、ネットを挟んでラケットでボールをワンバウンド以内で打ち合い、得点を競うスポーツです。国民体育大会では、都道府県対抗の団体戦(シングルス2試合、ダブルス1試合)をトーナメント方式により行います。先にシングルス2試合を行い、2勝すれば勝利となり、1対1となった場合にはダブルス1試合を行います。しなやかな腕の振りから打ち出される強烈なサーブ、コースを狙った正確なストローク、ネット際での激しいボレー戦など、白熱したラリーの応酬が見ものです。さらに、ダブルスでは絶妙なコンビネーションや状況に応じて攻撃を仕掛けるゲームの駆け引きも見落とせないポイントです。,10,"10/2,10/3,10/4,10/5",0
8,1,テニス,Tennis,少年男子,テニスは、ネットを挟んでラケットでボールをワンバウンド以内で打ち合い、得点を競うスポーツです。国民体育大会では、都道府県対抗の団体戦(シングルス2試合、ダブルス1試合)をトーナメント方式により行います。先にシングルス2試合を行い、2勝すれば勝利となり、1対1となった場合にはダブルス1試合を行います。しなやかな腕の振りから打ち出される強烈なサーブ、コースを狙った正確なストローク、ネット際での激しいボレー戦など、白熱したラリーの応酬が見ものです。さらに、ダブルスでは絶妙なコンビネーションや状況に応じて攻撃を仕掛けるゲームの駆け引きも見落とせないポイントです。,11,"10/2,10/3,10/4,10/5",0
9,1,テニス,Tennis,少年女子,テニスは、ネットを挟んでラケットでボールをワンバウンド以内で打ち合い、得点を競うスポーツです。国民体育大会では、都道府県対抗の団体戦(シングルス2試合、ダブルス1試合)をトーナメント方式により行います。先にシングルス2試合を行い、2勝すれば勝利となり、1対1となった場合にはダブルス1試合を行います。しなやかな腕の振りから打ち出される強烈なサーブ、コースを狙った正確なストローク、ネット際での激しいボレー戦など、白熱したラリーの応酬が見ものです。さらに、ダブルスでは絶妙なコンビネーションや状況に応じて攻撃を仕掛けるゲームの駆け引きも見落とせないポイントです。,11,"10/2,10/3,10/4,10/5",0
10,1,ボート,Rowing,全種別,"国民体育大会のボート競技は、川や湖などの1,000mのコースで速さを競います。使用する競漕艇は、1本のオールで漕ぐ舵手つきフォアと、2本のオールで漕ぐ舵手つきクォドルプル、ダブルスカル、シングルスカルの4種類です。舵手つきフォア・舵手つきクォドルプルには、漕手4名(体重制限なし)・舵手1名(男子55kg以上、女子50kg以上)、ダブルスカルには漕手2名、シングルスカルは漕手1名が乗艇します。特にダブルスカルとシングルスカルは舵がなく、漕手は左右2本のオールで艇を直進させるため、高度な技術を必要とします。勝敗は、艇の先端がゴールラインに達した順序で決定し、気象条件やペース配分の駆け引きが相まって、ゴール直前まで白熱した戦いが続きます。",12,"10/6,10/7,10/8,10/9",0
11,1,ホッケー,Hockey,全種別,ホッケーは、スティックで行うサッカーのようなものです。サッカーと同様に1チームは1人のゴールキーパーと10人のフィールドプレイヤーの計11人で構成されています。 プレイヤーは常にスティックを持ってプレイしなければならず、そのスティックも片面(平らな面)でしか、ボールを扱えません。片面しか使えないスティックを巧みに持ちかえ、パスやドリブル、シュートをするプレイヤーのスティックワークの妙技や、守備から攻撃へ、攻撃から守備へと切り替わるスピーディーなゲーム展開が見ものです。,13,"10/6,10/7,10/8,10/9,10/10",0
12,1,ボクシング,Boxing,成年男子,ボクシングは、手にグローブをつけて相手と打ち合い、ポイント勝ちやノックダウン勝ちなどにより勝敗を決める競技です。激しさや力強さ、逞しさだけが優先するものではなく、攻撃と防御のバランス、自己の感情を理性でコントロールする強い意志と冷静な判断力を必要とし、選手の華麗で力強い技が大きな見どころです。希望郷いわて国体から男子(成年、少年)に加えて女子(成年)が正式競技に採用されました。,15,"10/6,10/7,10/8,10/9,10/10",0
13,1,ボクシング,Boxing,少年男子,ボクシングは、手にグローブをつけて相手と打ち合い、ポイント勝ちやノックダウン勝ちなどにより勝敗を決める競技です。激しさや力強さ、逞しさだけが優先するものではなく、攻撃と防御のバランス、自己の感情を理性でコントロールする強い意志と冷静な判断力を必要とし、選手の華麗で力強い技が大きな見どころです。希望郷いわて国体から男子(成年、少年)に加えて女子(成年)が正式競技に採用されました。,15,"10/6,10/7,10/8,10/9,10/10",0
14,1,ボクシング,Boxing,成年女子,ボクシングは、手にグローブをつけて相手と打ち合い、ポイント勝ちやノックダウン勝ちなどにより勝敗を決める競技です。激しさや力強さ、逞しさだけが優先するものではなく、攻撃と防御のバランス、自己の感情を理性でコントロールする強い意志と冷静な判断力を必要とし、選手の華麗で力強い技が大きな見どころです。希望郷いわて国体から男子(成年、少年)に加えて女子(成年)が正式競技に採用されました。,15,"10/6,10/8,10/9,10/10",0
15,1,バレーボール,Volleyball,成年男子,バレーボールは、コート中央のネット越しにボールを3回以内で相手コートに返し得点を競うスポーツです。国民体育大会では、トーナメント方式で行い、得点はサービス権の有無に関係なく、ラリーに打ち勝った場合に1点が与えられます。得点を獲得するためにさまざまな戦術が用いられますが、戦術を実行するためには、相手から返されたボールをうまく処理し、セッター(スパイクのためのトスを上げる選手)へ回すことが重要となります。男子はパワーと高さ、女子は粘りのレシーブとコンビバレーが見どころです。ボールをつなげて相手に返していくラリーの応酬と、スピーディーな試合展開にご注目下さい。,16,"10/2,10/3,10/4,10/5",0
16,1,バレーボール,Volleyball,成年女子,バレーボールは、コート中央のネット越しにボールを3回以内で相手コートに返し得点を競うスポーツです。国民体育大会では、トーナメント方式で行い、得点はサービス権の有無に関係なく、ラリーに打ち勝った場合に1点が与えられます。得点を獲得するためにさまざまな戦術が用いられますが、戦術を実行するためには、相手から返されたボールをうまく処理し、セッター(スパイクのためのトスを上げる選手)へ回すことが重要となります。男子はパワーと高さ、女子は粘りのレシーブとコンビバレーが見どころです。ボールをつなげて相手に返していくラリーの応酬と、スピーディーな試合展開にご注目下さい。,17,"10/2,10/3,10/4,10/5",0
17,1,バレーボール,Volleyball,少年男女,バレーボールは、コート中央のネット越しにボールを3回以内で相手コートに返し得点を競うスポーツです。国民体育大会では、トーナメント方式で行い、得点はサービス権の有無に関係なく、ラリーに打ち勝った場合に1点が与えられます。得点を獲得するためにさまざまな戦術が用いられますが、戦術を実行するためには、相手から返されたボールをうまく処理し、セッター(スパイクのためのトスを上げる選手)へ回すことが重要となります。男子はパワーと高さ、女子は粘りのレシーブとコンビバレーが見どころです。ボールをつなげて相手に返していくラリーの応酬と、スピーディーな試合展開にご注目下さい。,19,"10/2,10/3,10/4,10/5",0
18,1,体操 競技,Gymnastic,全種別,体操競技は、男子が、ゆか、あん馬、つり輪、跳馬、平行棒、鉄棒の6種目、女子が、跳馬、段違い平行棒、平均台、ゆかの4種目で行われ、技の難易度・美しさ・雄大さ・安定性などの観点で採点した得点で順位を競います。得点は、技の難易度など構成内容を評価するスコアと、演技のできばえを評価するスコアの両方を加算して算出されます。したがって、むやみに高難度の技を実施しても、体操競技の本質である美しさや雄大さが伴わない演技に対しては、実施減点が課せられることになり、結果的には高い得点を得られなくなります。選手は、自身の能力に合わせた難度の高い技を、美しく、雄大に実施することが求められます。,20,"10/2,10/3,10/4,10/5",0
19,1,体操 新体操,Gymnastic,少年女子,体操競技は、男子が、ゆか、あん馬、つり輪、跳馬、平行棒、鉄棒の6種目、女子が、跳馬、段違い平行棒、平均台、ゆかの4種目で行われ、技の難易度・美しさ・雄大さ・安定性などの観点で採点した得点で順位を競います。得点は、技の難易度など構成内容を評価するスコアと、演技のできばえを評価するスコアの両方を加算して算出されます。したがって、むやみに高難度の技を実施しても、体操競技の本質である美しさや雄大さが伴わない演技に対しては、実施減点が課せられることになり、結果的には高い得点を得られなくなります。選手は、自身の能力に合わせた難度の高い技を、美しく、雄大に実施することが求められます。,21,10/9,0
20,1,バスケットボール,Basketbal,成年男子,バスケットボールは、1チーム5人の選手がパスやドリブルしながらボールを進め、相手のバスケットにシュートして得点を競うスポーツです。国民体育大会では、トーナメント方式によって行われ、試合時間は10分を4回行うピリオド制です。ゴールの得点は、スリーポイントライン外側からのシュートが3点、内側からのシュートが2点、フリースローが1点となります。攻守の交代が目まぐるしく変わるスピード感あふれる試合展開は見応え充分で、勝敗のカギとなる多彩なチームプレーや華麗なボールさばきも魅力です。,22,"10/7,10/8,10/9,10/10",0
21,1,バスケットボール,Basketbal,成年女子,バスケットボールは、1チーム5人の選手がパスやドリブルしながらボールを進め、相手のバスケットにシュートして得点を競うスポーツです。国民体育大会では、トーナメント方式によって行われ、試合時間は10分を4回行うピリオド制です。ゴールの得点は、スリーポイントライン外側からのシュートが3点、内側からのシュートが2点、フリースローが1点となります。攻守の交代が目まぐるしく変わるスピード感あふれる試合展開は見応え充分で、勝敗のカギとなる多彩なチームプレーや華麗なボールさばきも魅力です。,22,"10/7,10/8,10/9,10/10",0
22,1,バスケットボール,Basketbal,少年男子,バスケットボールは、1チーム5人の選手がパスやドリブルしながらボールを進め、相手のバスケットにシュートして得点を競うスポーツです。国民体育大会では、トーナメント方式によって行われ、試合時間は10分を4回行うピリオド制です。ゴールの得点は、スリーポイントライン外側からのシュートが3点、内側からのシュートが2点、フリースローが1点となります。攻守の交代が目まぐるしく変わるスピード感あふれる試合展開は見応え充分で、勝敗のカギとなる多彩なチームプレーや華麗なボールさばきも魅力です。,23,"10/7,10/8,10/9,10/10",0
23,1,バスケットボール,Basketbal,少年女子,バスケットボールは、1チーム5人の選手がパスやドリブルしながらボールを進め、相手のバスケットにシュートして得点を競うスポーツです。国民体育大会では、トーナメント方式によって行われ、試合時間は10分を4回行うピリオド制です。ゴールの得点は、スリーポイントライン外側からのシュートが3点、内側からのシュートが2点、フリースローが1点となります。攻守の交代が目まぐるしく変わるスピード感あふれる試合展開は見応え充分で、勝敗のカギとなる多彩なチームプレーや華麗なボールさばきも魅力です。,22,"10/7,10/8,10/9,10/10",0
24,1,レスリング,Wrestling,成年男子,レスリングは、フリースタイルとグレコローマンスタイルの2種目があります。フリースタイルは、全身を自由に使って攻撃・防御することができ、スピードあふれる技術展開が楽しめます。グレコローマンスタイルは、腰から上の上半身のみを攻撃対象とし、投げ技などの大技も多く見られダイナミックな展開が魅力です。試合は、両スタイル共にトーナメント方式で行い、1ピリオド3分間の2ピリオド制で行われます。決めた技によってポイントが与えられ、2ピリオドの合計得点の多い選手が勝者となりますが、フォール(相手の両肩をマットに1秒以上押さえつける)を決めた場合は、その時点で試合の勝者となります。希望郷いわて国体から、女子フリースタイル53kg級が正式種目に追加されます。,26,"10/7,10/8,10/9,10/10",0
25,1,レスリング,Wrestling,少年男子,レスリングは、フリースタイルとグレコローマンスタイルの2種目があります。フリースタイルは、全身を自由に使って攻撃・防御することができ、スピードあふれる技術展開が楽しめます。グレコローマンスタイルは、腰から上の上半身のみを攻撃対象とし、投げ技などの大技も多く見られダイナミックな展開が魅力です。試合は、両スタイル共にトーナメント方式で行い、1ピリオド3分間の2ピリオド制で行われます。決めた技によってポイントが与えられ、2ピリオドの合計得点の多い選手が勝者となりますが、フォール(相手の両肩をマットに1秒以上押さえつける)を決めた場合は、その時点で試合の勝者となります。希望郷いわて国体から、女子フリースタイル53kg級が正式種目に追加されます。,26,"10/7,10/8,10/9,10/10",0
26,1,レスリング,Wrestling,女子,レスリングは、フリースタイルとグレコローマンスタイルの2種目があります。フリースタイルは、全身を自由に使って攻撃・防御することができ、スピードあふれる技術展開が楽しめます。グレコローマンスタイルは、腰から上の上半身のみを攻撃対象とし、投げ技などの大技も多く見られダイナミックな展開が魅力です。試合は、両スタイル共にトーナメント方式で行い、1ピリオド3分間の2ピリオド制で行われます。決めた技によってポイントが与えられ、2ピリオドの合計得点の多い選手が勝者となりますが、フォール(相手の両肩をマットに1秒以上押さえつける)を決めた場合は、その時点で試合の勝者となります。希望郷いわて国体から、女子フリースタイル53kg級が正式種目に追加されます。,26,"10/7,10/8",0
27,1,セーリング,Sailing,全種別,セーリングは、帆に風を受けることで発生する揚力で、水上を滑走する技術を競います。国民体育大会では、ウインドサーフィン1種目、ヨット種目5種目が行われ、47都道府県の艇が一斉にスタートし、海面に設定されたブイで指定されたコースを周回し、順位を競います。艇 は風に向かって真っ直ぐ走ることができないため、ジグザグに進むことになります。また海面は常に風や潮が変化するため、その自然の状態をいち早くつかん で、スタート前の位置取りやスタート後のコース取りといった駆け引きに勝つ頭脳と判断力が、レースを左右する大きなポイントとなります。,27,"10/2,10/3,10/4,10/5",0
28,1,ウエイトリフティング,Weightlifting,成年男子,ウエイトリフティングは、スナッチ競技とクリーン&ジャーク競技の2種類があります。3回の試技で成功した最高重量の重さにより順位を競います。スナッチ競技は、背筋・足の蹴り上げる力・腕の引き上げる力を爆発的に発揮し、一気にバーベルを頭上へと引き上げて立ち上がります。パワーはもちろんのこと、テクニック・タイミングと柔軟性が重要となります。クリーン&ジャーク競技は、まず、胸(鎖骨)までバーベルを引き上げ(クリーン)、次にバーベルを維持しながら、足のバネと腕の力を利用し頭上に差し上げます(ジャーク)。テクニックもさることながら、大きな脚力と背筋力が必要となります。選手は、自身の実力とその日のコンディションを考えて、1回目の試技重量を慎重に決めなければなりません。2回目以降はライバルより1kgでも多く上げるための駆け引きをしながら、重量に挑戦していきます。,25,"10/1,10/2,10/3,10/4,10/5",0
29,1,ウエイトリフティング,Weightlifting,少年男子,ウエイトリフティングは、スナッチ競技とクリーン&ジャーク競技の2種類があります。3回の試技で成功した最高重量の重さにより順位を競います。スナッチ競技は、背筋・足の蹴り上げる力・腕の引き上げる力を爆発的に発揮し、一気にバーベルを頭上へと引き上げて立ち上がります。パワーはもちろんのこと、テクニック・タイミングと柔軟性が重要となります。クリーン&ジャーク競技は、まず、胸(鎖骨)までバーベルを引き上げ(クリーン)、次にバーベルを維持しながら、足のバネと腕の力を利用し頭上に差し上げます(ジャーク)。テクニックもさることながら、大きな脚力と背筋力が必要となります。選手は、自身の実力とその日のコンディションを考えて、1回目の試技重量を慎重に決めなければなりません。2回目以降はライバルより1kgでも多く上げるための駆け引きをしながら、重量に挑戦していきます。,25,"10/1,10/2,10/3,10/4,10/5",0
30,1,ウエイトリフティング,Weightlifting,女子,ウエイトリフティングは、スナッチ競技とクリーン&ジャーク競技の2種類があります。3回の試技で成功した最高重量の重さにより順位を競います。スナッチ競技は、背筋・足の蹴り上げる力・腕の引き上げる力を爆発的に発揮し、一気にバーベルを頭上へと引き上げて立ち上がります。パワーはもちろんのこと、テクニック・タイミングと柔軟性が重要となります。クリーン&ジャーク競技は、まず、胸(鎖骨)までバーベルを引き上げ(クリーン)、次にバーベルを維持しながら、足のバネと腕の力を利用し頭上に差し上げます(ジャーク)。テクニックもさることながら、大きな脚力と背筋力が必要となります。選手は、自身の実力とその日のコンディションを考えて、1回目の試技重量を慎重に決めなければなりません。2回目以降はライバルより1kgでも多く上げるための駆け引きをしながら、重量に挑戦していきます。,25,"10/4,10/5",0
31,1,ハンドボール,Handball,全種別,ハンドボールは、ゴールキーパーを含む1チーム7人で、パスやドリブルでボールを運び、フェイントをかけたりしながら相手チームの守備をかいくぐり、相手ゴールへ投げ込んで得点を競うスポーツです。試合はトーナメント方式で行われ、競技時間は前・後半各30分の60分間で行われます。選手がボールを持った時に、最高3歩まで動くことと、最長3秒間ボールを持つことは認められています。ゴールエリアライン(ゴールから6m)の外からのシュートがゴールに入れば1点となります。信じられないような体勢から放たれる豪快なジャンプシュート、肉体の激しいぶつかり合いなど、攻撃・防御の切り替えの速さと、迫力が見どころです。,28,"10/6,10/7,10/8,10/9,10/10",0
32,1,自転車 トラック・レース,Cycling,成年男子,自転車競技は、自転車を競技用具として使用し、競技者自らの力のみで速さを競います。国民体育大会では、トラック・レースとロード・レースの2種目が行われます。トラック・レースは、個人種目(1㎞タイム・トライアル、ケイリン、スプリント、ポイント・レース、4㎞速度競走等)と団体種目(4㎞団体追抜競走、チーム・スプリント)があります。個人種目では、完走タイム、ゴール順位、ポイント獲得などによる順位が決定します。団体種目はホームとバックの中央線から同時にスタートし、チームワークでトップを交代しながらタイムを競います。ロード・レースは、一般公道を利用し、100㎞以上の距離を着順で競います。競技は個人戦で行われ、持久力とスピード、そして素晴らしい自転車テクニックが繰り広げられます。勝敗の重要なポイントになるのは、自転車のスピードによって生じる空気抵抗をいかに克服するかです。種目によって、他の競技者の背後で空気抵抗を回避しながら、ゴール手前での逆転を狙ったり、複数の競技者が先頭交代を繰り返して、風圧による体力消耗をチームでカバーするなど、多様なレース展開が見られます。,31,"10/5,10/6,10/7,10/8",0
33,1,自転車 トラック・レース,Cycling,少年男子,自転車競技は、自転車を競技用具として使用し、競技者自らの力のみで速さを競います。国民体育大会では、トラック・レースとロード・レースの2種目が行われます。トラック・レースは、個人種目(1㎞タイム・トライアル、ケイリン、スプリント、ポイント・レース、4㎞速度競走等)と団体種目(4㎞団体追抜競走、チーム・スプリント)があります。個人種目では、完走タイム、ゴール順位、ポイント獲得などによる順位が決定します。団体種目はホームとバックの中央線から同時にスタートし、チームワークでトップを交代しながらタイムを競います。ロード・レースは、一般公道を利用し、100㎞以上の距離を着順で競います。競技は個人戦で行われ、持久力とスピード、そして素晴らしい自転車テクニックが繰り広げられます。勝敗の重要なポイントになるのは、自転車のスピードによって生じる空気抵抗をいかに克服するかです。種目によって、他の競技者の背後で空気抵抗を回避しながら、ゴール手前での逆転を狙ったり、複数の競技者が先頭交代を繰り返して、風圧による体力消耗をチームでカバーするなど、多様なレース展開が見られます。,31,"10/5,10/6,10/7,10/8",0
34,1,自転車 トラック・レース,Cycling,女子,自転車競技は、自転車を競技用具として使用し、競技者自らの力のみで速さを競います。国民体育大会では、トラック・レースとロード・レースの2種目が行われます。トラック・レースは、個人種目(1㎞タイム・トライアル、ケイリン、スプリント、ポイント・レース、4㎞速度競走等)と団体種目(4㎞団体追抜競走、チーム・スプリント)があります。個人種目では、完走タイム、ゴール順位、ポイント獲得などによる順位が決定します。団体種目はホームとバックの中央線から同時にスタートし、チームワークでトップを交代しながらタイムを競います。ロード・レースは、一般公道を利用し、100㎞以上の距離を着順で競います。競技は個人戦で行われ、持久力とスピード、そして素晴らしい自転車テクニックが繰り広げられます。勝敗の重要なポイントになるのは、自転車のスピードによって生じる空気抵抗をいかに克服するかです。種目によって、他の競技者の背後で空気抵抗を回避しながら、ゴール手前での逆転を狙ったり、複数の競技者が先頭交代を繰り返して、風圧による体力消耗をチームでカバーするなど、多様なレース展開が見られます。,31,"10/6,10/7,10/8",0
35,1,自転車 ロード・レース,Cycling,成年男子,自転車競技は、自転車を競技用具として使用し、競技者自らの力のみで速さを競います。国民体育大会では、トラック・レースとロード・レースの2種目が行われます。トラック・レースは、個人種目(1㎞タイム・トライアル、ケイリン、スプリント、ポイント・レース、4㎞速度競走等)と団体種目(4㎞団体追抜競走、チーム・スプリント)があります。個人種目では、完走タイム、ゴール順位、ポイント獲得などによる順位が決定します。団体種目はホームとバックの中央線から同時にスタートし、チームワークでトップを交代しながらタイムを競います。ロード・レースは、一般公道を利用し、100㎞以上の距離を着順で競います。競技は個人戦で行われ、持久力とスピード、そして素晴らしい自転車テクニックが繰り広げられます。勝敗の重要なポイントになるのは、自転車のスピードによって生じる空気抵抗をいかに克服するかです。種目によって、他の競技者の背後で空気抵抗を回避しながら、ゴール手前での逆転を狙ったり、複数の競技者が先頭交代を繰り返して、風圧による体力消耗をチームでカバーするなど、多様なレース展開が見られます。,31,10/9,0
36,1,自転車 ロード・レース,Cycling,少年男子,自転車競技は、自転車を競技用具として使用し、競技者自らの力のみで速さを競います。国民体育大会では、トラック・レースとロード・レースの2種目が行われます。トラック・レースは、個人種目(1㎞タイム・トライアル、ケイリン、スプリント、ポイント・レース、4㎞速度競走等)と団体種目(4㎞団体追抜競走、チーム・スプリント)があります。個人種目では、完走タイム、ゴール順位、ポイント獲得などによる順位が決定します。団体種目はホームとバックの中央線から同時にスタートし、チームワークでトップを交代しながらタイムを競います。ロード・レースは、一般公道を利用し、100㎞以上の距離を着順で競います。競技は個人戦で行われ、持久力とスピード、そして素晴らしい自転車テクニックが繰り広げられます。勝敗の重要なポイントになるのは、自転車のスピードによって生じる空気抵抗をいかに克服するかです。種目によって、他の競技者の背後で空気抵抗を回避しながら、ゴール手前での逆転を狙ったり、複数の競技者が先頭交代を繰り返して、風圧による体力消耗をチームでカバーするなど、多様なレース展開が見られます。,31,10/9,0
37,1,水泳 競泳,Aquatics,全種別,競泳は、自由形、平泳ぎ、背泳ぎ、バタフライ、個人メドレー、リレー、メドレーリレーの種目があり、定められた距離を泳いでその速さを競います。予選の組別を問わずタイムが優秀な上位者が決勝に進出します。これまでもオリンピック選手をはじめとする多くの国内トップ選手が出場して激しいレースを繰り広げています。2016年のリオデジャネイロオリンピックで活躍した選手が岩手でも間近に見られるかもしれません。,2,"9/9,9/10,9/11",0
38,1,水泳 飛込,Aquatics,全種別,飛込は、飛込台から水面までの空中での技術と優雅さを競います。種目は高飛込と飛板飛込があり、高飛込は、高さ5m、7.5m、10mの固定された台から演技が行われ、高さを克服することが重要な課題となります。飛板飛込は、高さ3mに設置された弾力のある板を使用して演技が行われ、板の反発力を有効に利用出来るかが大きなポイントになります。高得点を得るためには、空中でのフォームの美しさや入水姿勢などがポイントになります。,2,"9/9,9/10,9/11",0
39,1,水泳 水球,Aquatics,少年男子,水球は、ゴールキーパーを含む1チーム7人で、相手チームのゴールにボールを入れて得点を競い合う競技です。4ピリオドの総得点で勝敗を競います。水上はもちろん、水面下でも攻防や駆け引きが行われ「水中の格闘技」とも呼ばれています。驚くほどシュートは速く、ゴールから離れた位置から繰り出すミドルシュートや水面を利用したバウンドシュートは必見です。,2,"9/5,9/6,9/7",0
40,1,水泳 シンクロナイズドスイミング,Aquatics,少年女子,シンクロナイズドスイミングは、伴奏音楽に合わせてソロやチームで演技を行うスポーツです。 競技には、基本の技を競う「フィギュア競技」と、音楽に合わせて決められた技術を入れて行う「テクニカルルーティン競技」と、音楽に合わせて自由に表現する「フリールーティン競技」の3部門があります。ルーティン競技には、1人で泳ぐソロ、2人で泳ぐデュエット、4人～8人で泳ぐチーム、4人～10人で泳ぐフリーコンビネーションの4種目があります。国民体育大会では、このうちデュエット(2人1組)のテクニカルルーティン競技とフリールーティン競技を行います。競技の完遂度、難易度、音楽の使い方や同調性が採点のポイントになります。2人の息の合った演技にご注目ください。,2,9/4,0
41,1,水泳 オープンウォータースイミング,Aquatics,男子・女子,オープンウォータースイミング オープンウォータースイミングは、コースロープのない海、川、湖などの自然環境を泳ぐ長距離の水泳競技で順位を競います。選手同士の接触や駆け引きが多く見られることから「泳ぐマラソン」とも言われ、選手には、スピードや持久力といった「泳力」、どのようなレースコンディションでも実力を発揮できる「適応力」、潮の流れや波の影響を考慮したレース戦略を練る「知力」が求められます。世界選手権では5km・10km・25km、オリンピック・ユニバーシアード・パンパシでは10km、国体では5kmが実施されます。,69,9/6,0
42,1,ソフトテニス,Soft tennis,全種別,ソフトテニスは、日本で考案された競技で、柔らかいゴムのボールを使用し、ネットを挟んでラケットでボールをワンバウンド以内で打ち合い得点を競います。国民体育大会では、ダブルス2ペア、シングルス1名を1チームとする団体戦を行います。試合は4ポイント先取で1ゲームを獲得し、7ゲームのうち4ゲームを先取したチームが勝ちとなります。ソフトテニスのダブルスの魅力は、ラリー(球の打ち合い)が続くことと、2人のプレイヤーのコンビネーションの妙技にあります。味方のプレイヤーがポイントしやすいよう、相手陣形を崩すような配球をしたり、ポジション取りを変えたりと、2人で協力してポイントを獲得するラリーの応酬にご注目ください。,32,"10/2,10/3,10/4,10/5",0
43,1,卓球,Table tennis,全種別,卓球は、卓球台中央のネットを挟んで対面した選手がラケットにより、プラスチック製のボールを打ち合い得点を競うスポーツです。1チーム3人の団体戦で行われ、シングルス5試合のうち3試合を先取したチームが勝ちとなります。1試合は5ゲーム中3ゲームを先取すると勝利となり、1ゲームは11ポイント先取すると獲得できます。得点が10ポイントに並んだ後は2ポイント差で勝者となります。狭い台の上で軽くて小さいボールを高速で打ち合う競技なので、迫力あるゲーム展開となります。さらに、試合中に発揮される選手の敏捷性、集中力、柔軟性には圧倒されます。,33,"10/2,10/3,10/4,10/5",0
44,1,軟式野球,Ruber baseball,成年男子,軟式野球は、ゴムのボールを使うことを除けば、硬式野球と同じルールで行われます。9人ずつで対戦する2チームが、それぞれ攻守に分かれ、攻撃側は順次打者となり、相手投手の投球をバットで打ち、アウトにならずに1塁、2塁、3塁を回って本塁に帰れば得点となります。守備側は、打者あるいは走者をアウトにしようと協力して攻撃側が得点することを防ぎ、攻撃側が3人アウトになれば、攻守を交代します。国民体育大会ではトーナメント方式で行われ、成年男子のみが実施されます。試合は9イニングまで行います。9イニングを終えて同点の場合は、勝負がつくまで1イニングごと延長戦を行います。激しい打撃戦や華麗な守備、バッテリーの配球と打者との駆け引き、さらにチャンスやピンチの時のチームの作戦など、見どころが盛りだくさんです。,34,"10/2,10/3,10/4,10/5",0
45,1,相撲,Sumo,成年男子,相撲は、長い歴史と伝統を持った日本古来のスポーツで、まわしを締めた二人の競技者が土俵上で組み合い、相手の体(足の裏以外の一部)を土につけるか土俵外に出すことによって勝負を競います。国民体育大会では1チームを少年男子5人、成年男子3人で構成し、団体戦は予選3回戦の勝数得点で決定した上位16チームによるトーナメント方式で優勝を争います。また、団体予選の全勝者に個人戦の出場資格が与えられ、同じくトーナメント方式で優勝が争われます。相撲の伝統的な雰囲気と迫力、日頃鍛えた力と技をぶつけ合う気合の入った熱戦が繰り広げられます。,42,"10/2,10/3,10/4",0
46,1,相撲,Sumo,少年男子,相撲は、長い歴史と伝統を持った日本古来のスポーツで、まわしを締めた二人の競技者が土俵上で組み合い、相手の体(足の裏以外の一部)を土につけるか土俵外に出すことによって勝負を競います。国民体育大会では1チームを少年男子5人、成年男子3人で構成し、団体戦は予選3回戦の勝数得点で決定した上位16チームによるトーナメント方式で優勝を争います。また、団体予選の全勝者に個人戦の出場資格が与えられ、同じくトーナメント方式で優勝が争われます。相撲の伝統的な雰囲気と迫力、日頃鍛えた力と技をぶつけ合う気合の入った熱戦が繰り広げられます。,42,"10/2,10/3,10/4",0
47,1,馬術,Equestrian,全種別,馬術は、他のスポーツと異なり、生き物である「馬」と選手が一体となって競技を行うスポーツです。国民体育大会で行われる競技は、馬場馬術競技、障害飛越競技、総合馬術競技の3つに大別されます。馬場馬術競技は、定められた種々の動き方をしてその優美さを競い、障害飛越競技は、高さや幅、色彩や形状の異なる障害物をミス無く飛越していく競技です。そして総合馬術競技は、その両者を兼ね備えた総合的な調教度合いを競うものです。馬は鋭敏な感覚と自分の意志を持っており、いかに優れた技術を持った選手でも馬の力を借りなければ、良い成績を収めることはできません。また、優れた能力を持つ馬も、選手が馬の能力を引き出さなければ、良い演技を行うことはできないのです。選手が馬の能力を最大限に引き出し、馬も選手の要求に精一杯こたえようとする信頼関係が結ばれたときに、「人馬一体」の妙技が繰り広げられることになります。,43,"10/2,10/3,10/4,10/5,10/6",0
48,1,フェンシング,Fencing,全種別,フェンシングは、ピストと呼ばれる幅1.5～2m、長さ14mの競技面の上で行われ、相手の有効面を突く、または斬る技で勝負を競います。突きだけを用いる基本の「フルーレ」、正式な決闘として行われていたものが競技化した「エペ」、馬上の剣術が変化した斬る攻撃が主体の「サーブル」の3種目があります。国民体育大会では、1チーム3人の団体で、1・2回戦はリーグ戦、それ以後はトーナメント戦を行います。勝負の判定には、剣に電気コードをつなぎ、相手の体を突くと突いた側のランプが点灯するようにした電気審判機を使用します。,44,"10/2,10/3,10/4,10/5",0
49,1,柔道,Judo,全種別,柔道は、柔術をもとに日本で誕生し、1964年の東京オリンピックからオリンピック正式競技となり、広く国内外に普及が進んでいる競技です。選手は投技(立技・捨身技)と固技(抑込技・絞技・関節技)を駆使しあい、その決まり方の高い程度から順に、「一本」「技あり」「有効」といった得点が与えられます。国民体育大会では、体重別の選手によって構成される都道府県対抗のトーナメント方式による団体戦が行われ、勝者数が多い方が勝ちとなります。1試合4分間で、試合は1本勝負とし、大将戦まで緊迫したせめぎ合いが続き、団体戦ならではの緊張感と試合の盛り上がりが楽しめます。限られた試合時間の中で、「静」から「動」へと一瞬で試合が動き、紙一重の差で勝負が決まるため最後まで目が離せません。,45,"10/8,10/9,10/10",0
50,1,ソフトボール,Softball,成年男子,ソフトボールは、全国各地に普及し、老若男女を問わず、比較的狭い場所で気軽に楽しめるスポーツとして親しまれています。国民体育大会では、トーナメント方式で行われ、通常7イニングで行われます。ピッチャーの投球スピードは男子で約120km/h、女子で90km/h〜110km/hと言われ、カーブやシュート、ドロップ、ホームプレート付近で浮き上がるライズボールなど多彩な変化球を投げます。そして短い投球距離でのスピードボールをいかに打ち返すか。鋭いインパクトを生み出す、バッターの打撃フォームにもご注目ください。,46,"10/2,10/3,10/4",0
51,1,ソフトボール,Softball,成年女子,ソフトボールは、全国各地に普及し、老若男女を問わず、比較的狭い場所で気軽に楽しめるスポーツとして親しまれています。国民体育大会では、トーナメント方式で行われ、通常7イニングで行われます。ピッチャーの投球スピードは男子で約120km/h、女子で90km/h〜110km/hと言われ、カーブやシュート、ドロップ、ホームプレート付近で浮き上がるライズボールなど多彩な変化球を投げます。そして短い投球距離でのスピードボールをいかに打ち返すか。鋭いインパクトを生み出す、バッターの打撃フォームにもご注目ください。,46,"10/2,10/3,10/4",0
52,1,ソフトボール,Softball,少年少女,ソフトボールは、全国各地に普及し、老若男女を問わず、比較的狭い場所で気軽に楽しめるスポーツとして親しまれています。国民体育大会では、トーナメント方式で行われ、通常7イニングで行われます。ピッチャーの投球スピードは男子で約120km/h、女子で90km/h〜110km/hと言われ、カーブやシュート、ドロップ、ホームプレート付近で浮き上がるライズボールなど多彩な変化球を投げます。そして短い投球距離でのスピードボールをいかに打ち返すか。鋭いインパクトを生み出す、バッターの打撃フォームにもご注目ください。,46,"10/2,10/3,10/4",0
53,1,ソフトボール,Softball,少年男子,ソフトボールは、全国各地に普及し、老若男女を問わず、比較的狭い場所で気軽に楽しめるスポーツとして親しまれています。国民体育大会では、トーナメント方式で行われ、通常7イニングで行われます。ピッチャーの投球スピードは男子で約120km/h、女子で90km/h〜110km/hと言われ、カーブやシュート、ドロップ、ホームプレート付近で浮き上がるライズボールなど多彩な変化球を投げます。そして短い投球距離でのスピードボールをいかに打ち返すか。鋭いインパクトを生み出す、バッターの打撃フォームにもご注目ください。,47,"10/2,10/3,10/4",0
54,1,バドミントン,Badminton,全種別,バドミントンは、ネットを挟んでラケットで羽根(シャトル)を打ち合うスポーツです。シャトルが相手コートの外に落ちたり、自分のコートの中に落ちたり、またはコートに落ちる前に自分の体にシャトルが当たれば失点(フォルト)になります。国民体育大会では、都道府県対抗の団体戦トーナメント方式で、ダブルス、シングルス、シングルスの順に行い、先に2勝したチームが勝ちとなります。21ポイント×3ゲームのラリーポイント制で、20点オールになった場合には、2点連続得点したほうが勝ちです。シャトルの重さはわずか5g程ですが、スマッシュ時のスピードが初速400㎞/hを超えるほど(世界記録493km/h)、迫力のある競技です。,49,"10/2,10/3,10/4,10/5",0
55,1,弓道,Kyudo,全種別,弓道は、それぞれ自分の体力に応じた強さの弓を使って矢を放ち、的を射って得点を競う競技で、老若男女を問わずに楽しめる武道・スポーツです。国民体育大会では、28m先の的(直径36cm)を狙う「近的」と、60m先の的(直径1m)を狙う「遠的」の2種目があります。近的は、的のどの部分に当たっても良く、的に当たった矢の本数で競います。遠的は、的の中心に近くなるほど得点が高く、的に当たった矢の合計点で競います。1チーム3人の選手で両種目を行い、どちらも制限時間内に、予選では各自4射ずつを2回、決勝トーナメントでは各自4射ずつを1回で争います。弓道の弓には照準機は付いておらず、自分の体感だけを頼りに的を狙います。弓を引く一連の動作の美しさと、研ぎ澄まされた集中力で正確に的を射る技にご注目ください。,50,"10/7,10/8,10/9,10/10",0
56,1,ライフル射撃 CP,Shooting,成年男子,ライフル射撃は、銃器という科学的道具を用いて、制限時間内に決められた姿勢で、弾丸や光線で標的を撃ち得点を競います。国民体育大会では、50mライフル(SB)、10mエア・ライフル(AR)、エア・ピストル(AP)、ビーム・ライフル(BR)、ビーム・ピストル(BP)、 センター・ファイア・ピストル(CP)の成年男女、少年男女の合計21の種目があり、それぞれの種目で得点によって順位が決定します。50mライフルで行われる3姿勢120発競技は「ライフルのマラソン競技」と言われており、3時間を越える競技時間終了後には体重が2kg減ると言われるほど過酷です。標的を狙う選手の極限の精神力、集中力が要求されます。,51,"10/2,10/3,10/4",0
57,1,ライフル射撃 50m,Shooting,全種別,ライフル射撃は、銃器という科学的道具を用いて、制限時間内に決められた姿勢で、弾丸や光線で標的を撃ち得点を競います。国民体育大会では、50mライフル(SB)、10mエア・ライフル(AR)、エア・ピストル(AP)、ビーム・ライフル(BR)、ビーム・ピストル(BP)、 センター・ファイア・ピストル(CP)の成年男女、少年男女の合計21の種目があり、それぞれの種目で得点によって順位が決定します。50mライフルで行われる3姿勢120発競技は「ライフルのマラソン競技」と言われており、3時間を越える競技時間終了後には体重が2kg減ると言われるほど過酷です。標的を狙う選手の極限の精神力、集中力が要求されます。,52,"10/2,10/3,10/4,10/5",0
58,1,ライフル射撃 10m・AP,Shooting,全種別,ライフル射撃は、銃器という科学的道具を用いて、制限時間内に決められた姿勢で、弾丸や光線で標的を撃ち得点を競います。国民体育大会では、50mライフル(SB)、10mエア・ライフル(AR)、エア・ピストル(AP)、ビーム・ライフル(BR)、ビーム・ピストル(BP)、 センター・ファイア・ピストル(CP)の成年男女、少年男女の合計21の種目があり、それぞれの種目で得点によって順位が決定します。50mライフルで行われる3姿勢120発競技は「ライフルのマラソン競技」と言われており、3時間を越える競技時間終了後には体重が2kg減ると言われるほど過酷です。標的を狙う選手の極限の精神力、集中力が要求されます。,53,"10/2,10/3,10/4,10/5",0
59,1,ライフル射撃 BR・BP,Shooting,全種別,ライフル射撃は、銃器という科学的道具を用いて、制限時間内に決められた姿勢で、弾丸や光線で標的を撃ち得点を競います。国民体育大会では、50mライフル(SB)、10mエア・ライフル(AR)、エア・ピストル(AP)、ビーム・ライフル(BR)、ビーム・ピストル(BP)、 センター・ファイア・ピストル(CP)の成年男女、少年男女の合計21の種目があり、それぞれの種目で得点によって順位が決定します。50mライフルで行われる3姿勢120発競技は「ライフルのマラソン競技」と言われており、3時間を越える競技時間終了後には体重が2kg減ると言われるほど過酷です。標的を狙う選手の極限の精神力、集中力が要求されます。,54,"10/2,10/3,10/4,10/5",0
60,1,剣道,Kendo,全種別,剣道は、面、小手、胴、垂(たれ)といった剣道具を着けた二人の競技者が、定められた広さの試合場内で相対して、長さや重さの定められた「竹刀」を用いて、面、小手、胴の各部を打ち、また、突き部(のど部)を突くことによって勝敗を競います。試合は、3本勝負が原則で、試合時間内に2本先取した者が勝ちです。試合時間は成年男女が5分間、少年男女は4分間で、一方が先取し、そのまま試合時間が終了した場合は先取した者が勝ちとなります。時間内に決まらなかった場合は、1本先取の延長戦を行います。国民体育大会では、都道府県対抗の団体戦をトーナメント方式により行います。選手編成は、成年男子、少年男子、少年女子は5名、成年女子は3名で年齢区分により行います。剣道は相手の動きを読み取る洞察力と集中力が必要とされる競技で、一瞬の勝負となります。,55,"10/8,10/9,10/10",0
61,1,ラグビーフットボール,Rugby Football,7人制・成年男子,ラグビーフットボールは、15人ずつの2チームが、楕円形のボールを相手側のインゴールに持ち込んで得点を競う競技です。手も足も使うことができ、選手はボールを持って自由に走ることができますが、パスは後方の味方選手にしかできません。ディフェンスは安全性を損なわない限り制約がなく、主にタックルなどで相手の進行を止めます。迫力ある激しいぶつかり合いとスピード感あふれるチームプレーが魅力です。なお、2013年の国体から成年男子において7人制の導入が正式決定されています。,56,"10/4,10/5",0
62,1,ラグビーフットボール,Rugby Football,7人制・女子,ラグビーフットボールは、15人ずつの2チームが、楕円形のボールを相手側のインゴールに持ち込んで得点を競う競技です。手も足も使うことができ、選手はボールを持って自由に走ることができますが、パスは後方の味方選手にしかできません。ディフェンスは安全性を損なわない限り制約がなく、主にタックルなどで相手の進行を止めます。迫力ある激しいぶつかり合いとスピード感あふれるチームプレーが魅力です。なお、2013年の国体から成年男子において7人制の導入が正式決定されています。,56,"10/6,10/7",0
63,1,ラグビーフットボール,Rugby Football,15人制・少年男子,ラグビーフットボールは、15人ずつの2チームが、楕円形のボールを相手側のインゴールに持ち込んで得点を競う競技です。手も足も使うことができ、選手はボールを持って自由に走ることができますが、パスは後方の味方選手にしかできません。ディフェンスは安全性を損なわない限り制約がなく、主にタックルなどで相手の進行を止めます。迫力ある激しいぶつかり合いとスピード感あふれるチームプレーが魅力です。なお、2013年の国体から成年男子において7人制の導入が正式決定されています。,57,"10/3,10/4,10/6,10/7",0
64,1,山岳,Mountaineering,リード,山岳は、ウオール(人工壁)を登るリード競技とボルダリング競技が行われます。リード競技は、高さ15m程度幅3m以上のウオール(人工壁)を靴 と手指、落下の時の安全保用具など最小限の用具で全身を上手く使って、時間内(6分間)にどれだけ高く登るかを競う競技です。登る選手は安全のため、支点 にロープをかけながら登っていきます。各都道府県2名の選手が同時にそれぞれの人工壁に挑戦します。2名の選手が登る人工壁はデザイン・傾斜角度・ホール ド(プラスチック製の石)の数や位置に至るまですべて同じ物が用意されるため、挑戦する人工壁による条件の差はありません。ボルダリング競技は、 高さ5m幅6mの比較的低い人工壁をいくつか登り、完登した数で競います。ロープ(命綱)を一切使わないため、安全確保のためマットを敷いて競技を行いま す。各都道府県2名の選手が2基の人工壁にあるプロブレム(課題)にアテンプト(トライ)を行います。競技時間内であれば完登出来るまで何度もトライする ことが出来ますが、少ないトライで登るほうが有利です。,58,"10/7,10/8,10/9",0
65,1,山岳,Mountaineering,ボルダリング,山岳は、ウオール(人工壁)を登るリード競技とボルダリング競技が行われます。リード競技は、高さ15m程度幅3m以上のウオール(人工壁)を靴 と手指、落下の時の安全保用具など最小限の用具で全身を上手く使って、時間内(6分間)にどれだけ高く登るかを競う競技です。登る選手は安全のため、支点 にロープをかけながら登っていきます。各都道府県2名の選手が同時にそれぞれの人工壁に挑戦します。2名の選手が登る人工壁はデザイン・傾斜角度・ホール ド(プラスチック製の石)の数や位置に至るまですべて同じ物が用意されるため、挑戦する人工壁による条件の差はありません。ボルダリング競技は、 高さ5m幅6mの比較的低い人工壁をいくつか登り、完登した数で競います。ロープ(命綱)を一切使わないため、安全確保のためマットを敷いて競技を行いま す。各都道府県2名の選手が2基の人工壁にあるプロブレム(課題)にアテンプト(トライ)を行います。競技時間内であれば完登出来るまで何度もトライする ことが出来ますが、少ないトライで登るほうが有利です。,58,"10/7,10/8,10/9",0
66,1,カヌー,Canoe,スプリント,"カヌーは、静水面で行う「カヌースプリント競技」と河川の急流で行う「カヌースラローム競技」、「カヌーワイルドウォーター競技」の3種目があります。カヌースプリント競技は、200m、500mなどの直線コースをいかに早く漕ぎきるかを競います。競技には、進行方向に向かって両ひざをそろえ足を前に出して座り、両端にブレード(水かき)がついたパドルを左右交互に漕いで進む「カヤック」と、立てひざの姿勢で座り、片側にブレードのついたパドルで艇の片側だけを漕いで進む「カナディアン」の2種類があります。カヌースラローム競技は、カヌーを使った回転競技で、空中から吊るされたポールにより設定されたゲートを、パドルを使ってポールに触れないように通過し、そのスピードを競います。一人2回競技して、そのうち良いほうのタイムで順位が決まります。 カヌーワイルドウォーター競技は、流れの激しい川を一気に漕ぎ下る競技で、1,500mとスプリントの2種目があります。1,500mは、ノンストップトレーニング(練習)に続き、1回のみで競われます。スプリントは、ノンストップトレーニングを行わずに2回競技し、そのうち良いほうのタイムで順位が決まります。",59,"10/7,10/8,10/9,10/10",0
67,1,カヌー,Canoe,スラローム,"カヌーは、静水面で行う「カヌースプリント競技」と河川の急流で行う「カヌースラローム競技」、「カヌーワイルドウォーター競技」の3種目があります。カヌースプリント競技は、200m、500mなどの直線コースをいかに早く漕ぎきるかを競います。競技には、進行方向に向かって両ひざをそろえ足を前に出して座り、両端にブレード(水かき)がついたパドルを左右交互に漕いで進む「カヤック」と、立てひざの姿勢で座り、片側にブレードのついたパドルで艇の片側だけを漕いで進む「カナディアン」の2種類があります。カヌースラローム競技は、カヌーを使った回転競技で、空中から吊るされたポールにより設定されたゲートを、パドルを使ってポールに触れないように通過し、そのスピードを競います。一人2回競技して、そのうち良いほうのタイムで順位が決まります。 カヌーワイルドウォーター競技は、流れの激しい川を一気に漕ぎ下る競技で、1,500mとスプリントの2種目があります。1,500mは、ノンストップトレーニング(練習)に続き、1回のみで競われます。スプリントは、ノンストップトレーニングを行わずに2回競技し、そのうち良いほうのタイムで順位が決まります。",60,"10/8,10/9",0
68,1,カヌー,Canoe,ワイルドウォーター,"カヌーは、静水面で行う「カヌースプリント競技」と河川の急流で行う「カヌースラローム競技」、「カヌーワイルドウォーター競技」の3種目があります。カヌースプリント競技は、200m、500mなどの直線コースをいかに早く漕ぎきるかを競います。競技には、進行方向に向かって両ひざをそろえ足を前に出して座り、両端にブレード(水かき)がついたパドルを左右交互に漕いで進む「カヤック」と、立てひざの姿勢で座り、片側にブレードのついたパドルで艇の片側だけを漕いで進む「カナディアン」の2種類があります。カヌースラローム競技は、カヌーを使った回転競技で、空中から吊るされたポールにより設定されたゲートを、パドルを使ってポールに触れないように通過し、そのスピードを競います。一人2回競技して、そのうち良いほうのタイムで順位が決まります。 カヌーワイルドウォーター競技は、流れの激しい川を一気に漕ぎ下る競技で、1,500mとスプリントの2種目があります。1,500mは、ノンストップトレーニング(練習)に続き、1回のみで競われます。スプリントは、ノンストップトレーニングを行わずに2回競技し、そのうち良いほうのタイムで順位が決まります。",60,"10/7,10/10",0
69,1,アーチェリー,Archery,全種別,アーチェリーは、70m先にあるターゲット(標的)に矢を当てて点数を競います。ターゲットは、直径122cmの大きさで5色に区切られており、中心から10段階に点数が分けられています。試合は、3人の選手による団体戦で、予選では1選手が70m先の的に4分以内で6本の矢を射ち(1エンド)、これを12エンド、計72射行い3人の合計得点の上位が決勝に進出します。決勝では、トーナメント方式により3人の選手が2分以内に2本ずつ矢を射ち(1エンド)、これを4エンド、計24射行い、得点の高いチームが勝ちとなります。予選では72本の矢に全神経を集中させ、気力と体力を振り絞って矢を射つ選手の姿が見る者に感動を与えます。また、1試合20分程度で勝敗が決まる決勝ラウンドでは、矢1本ごとに得点が表示されるので、全24射の1射ごとに大歓声が飛び交い、応援にも思わず力が入ります。風などの影響がある中で、70mも先にある標的に見事矢が命中する様子は必見です。,61,"10/7,10/8,10/9",0
70,1,空手道,Karatedo,全種別,空手道は、沖縄を発祥の地とし、突き、打ち、蹴りなど、全身のあらゆる部位を使って外敵から身を守ることを目的とした武道として誕生しました。国民体育大会ではトーナメント方式により、実際に相手と技の攻防を行う実戦形式の「組手競技」と、四方八方からのさまざまな攻撃を想定しての攻防をまとめた「形競技」があります。組手競技では、相手の体の寸前で技を止めること(寸止め)を大前提とし、勝敗は2分間(成年男子のみ3分間)に8ポイント差がついた時点で決まります。また、各県5人による団体戦も行われます。形競技では、1人ずつ演じ、極めの正確性、気迫、技の緩急、表現力などを競います。どちらの競技も、迫力・緊張感・スピードがあり見ごたえ十分です。,62,"10/8,10/9,10/10",0
71,1,クレー射撃,Cray Target Shooting,成年,クレー射撃は、クレー標的(石灰などで作られた直径11cm、厚さ2.5cm、重さ105g程度の円盤で、クレーピジョンという)を空中に飛ばして、それを散弾銃で射撃し、命中数によって順位を競います。トラップ射撃とスキート射撃の2種別があり、トラップ射撃では標的が射手の前方から左・中央・右方向へ、スキート射撃では標的が射手の左右から交互または同時に飛び出します。秒速22～30mで飛ぶ標的を、秒速300m以上の散弾で撃つため、瞬間の判断力と動作が要求されます。大会期間中に1人1ラウンド25回の射撃を4ラウンド行い、その合計で個人成績を争い、各都道府県の選手(3人)の合計で団体順位が決定します。,63,"10/8,10/9,10/10",0
72,1,なぎなた,Naginats,成年女子,なぎなたは、長さ2mを越えるなぎなたを持ち、2人1組で決められた形を行う「演技競技」と、防具をつけて面や脛といった部位を打突する「試合競技」の2つがあります。演技競技では、防具を着けず、2人1組の演技者で指定された3本の「しかけ、応じ」を演じ、その優劣を競い合い、試合競技では、定められた部位を確実に早く打突して勝負を競います。お互いに敏速な動きの中から打突の機会を見いだし、よい間合いからタイミングよく技を出すことが勝利に結びつきます。試合時間は3分で時間内に勝敗が決まらない場合は2分の延長戦を行います。延長戦1回で決着がつかない場合は審判員の判定となります。,64,"10/2,10/3,10/4",0
73,1,なぎなた,Naginats,少年女子,なぎなたは、長さ2mを越えるなぎなたを持ち、2人1組で決められた形を行う「演技競技」と、防具をつけて面や脛といった部位を打突する「試合競技」の2つがあります。演技競技では、防具を着けず、2人1組の演技者で指定された3本の「しかけ、応じ」を演じ、その優劣を競い合い、試合競技では、定められた部位を確実に早く打突して勝負を競います。お互いに敏速な動きの中から打突の機会を見いだし、よい間合いからタイミングよく技を出すことが勝利に結びつきます。試合時間は3分で時間内に勝敗が決まらない場合は2分の延長戦を行います。延長戦1回で決着がつかない場合は審判員の判定となります。,64,"10/2,10/3,10/4",0
74,1,ボウリング,Bowling,全種別,ボウリングは、三角形に並べられた10本のピンをめがけてレーン上にボールを転がし、倒したピンの数を競います。1ゲームは10フレームからなり、1つのフレームでは1投目で10本倒れない場合は2投目を投げることができ、1投目で10本全部が倒れると「ストライク」、2投目で残りのピン全部を倒すと「スペア」になります。国民体育大会では、団体戦・個人戦があり、いずれも前・後半各3ゲームの合計点で争われる予選を行い、上位者が決勝に進出し、決勝の3ゲームを含めた合計9ゲームでの総得点により順位が決定します。1ゲームですべてストライクを出した場合で300点となり、これをパーフェクトゲームといいます。ピンのポジションによりボールや投球方法を変え、狙ったピンを適確にとらえる技術は必見です。,65,"10/6,10/7,10/8,10/9,10/10",0
75,1,ゴルフ,Golf,成年男子,ゴルフは、カップまでの距離や風向き、傾斜などを計算し、ウッドやアイアン、パターといわれるクラブ(14本以内)を目的に応じて使い分け、カップにボールを入れるまでの打数の少なさを競う競技です。国民体育大会では都道府県対抗の団体戦で行われ、1日18ホールの2日間、合計36ホールのストロークプレー(合計スコアが最も少ないものを優勝とする)方式で、チーム全員の総合計スコアが少ない順に順位を決定します。自然の地形を生かしたゴルフコースでは同じ状況は二度となく、またバンカーや池などハザード(障害物)も選手を苦しめます。自分自身の経験やコンディション、技量だけを頼りにショットを行うため、心の揺れがスコアに表れやすいのも競技の特徴です。,66,"10/5,10/6,10/7",0
76,1,ゴルフ,Golf,女子,ゴルフは、カップまでの距離や風向き、傾斜などを計算し、ウッドやアイアン、パターといわれるクラブ(14本以内)を目的に応じて使い分け、カップにボールを入れるまでの打数の少なさを競う競技です。国民体育大会では都道府県対抗の団体戦で行われ、1日18ホールの2日間、合計36ホールのストロークプレー(合計スコアが最も少ないものを優勝とする)方式で、チーム全員の総合計スコアが少ない順に順位を決定します。自然の地形を生かしたゴルフコースでは同じ状況は二度となく、またバンカーや池などハザード(障害物)も選手を苦しめます。自分自身の経験やコンディション、技量だけを頼りにショットを行うため、心の揺れがスコアに表れやすいのも競技の特徴です。,67,"10/5,10/6,10/7",0
77,1,ゴルフ,Golf,少年男子,ゴルフは、カップまでの距離や風向き、傾斜などを計算し、ウッドやアイアン、パターといわれるクラブ(14本以内)を目的に応じて使い分け、カップにボールを入れるまでの打数の少なさを競う競技です。国民体育大会では都道府県対抗の団体戦で行われ、1日18ホールの2日間、合計36ホールのストロークプレー(合計スコアが最も少ないものを優勝とする)方式で、チーム全員の総合計スコアが少ない順に順位を決定します。自然の地形を生かしたゴルフコースでは同じ状況は二度となく、またバンカーや池などハザード(障害物)も選手を苦しめます。自分自身の経験やコンディション、技量だけを頼りにショットを行うため、心の揺れがスコアに表れやすいのも競技の特徴です。,68,"10/5,10/6,10/7",0
78,1,トライアスロン,Triathlon,成年男子,トライアスロンは、スイム(遠泳)、バイク(自転車)、ラン(マラソン)の3種の競技を連続して行うというハードな耐久レースであり、「鉄人レース」とも言われています。1976年にカリフォルニア州のサンディエゴで産声を上げ、1978年から始まったハワイの大会をきっかけに全世界に広がりました。スイム3.8km、バイク180km、ラン42.195kmというこの壮大なレースは、「アイアンマン・ハワイ」と呼ばれており、トライアスロンが鉄人レースと呼ばれる所以です。現在、トライアスロンは、アイアンマンのような長い距離で行われるロングタイプと、2000年のシドニーオリンピックから正式種目になった総距離51.5kmのショートタイプ(スイム1.5km+バイク40km+ラン10km)に大別され、国民体育大会では、ショートタイプで行われます。なお、トライアスロンは、2016岩手国体から初めて正式競技として開催されます。,69,10/2,0
79,1,トライアスロン,Triathlon,成年女子,トライアスロンは、スイム(遠泳)、バイク(自転車)、ラン(マラソン)の3種の競技を連続して行うというハードな耐久レースであり、「鉄人レース」とも言われています。1976年にカリフォルニア州のサンディエゴで産声を上げ、1978年から始まったハワイの大会をきっかけに全世界に広がりました。スイム3.8km、バイク180km、ラン42.195kmというこの壮大なレースは、「アイアンマン・ハワイ」と呼ばれており、トライアスロンが鉄人レースと呼ばれる所以です。現在、トライアスロンは、アイアンマンのような長い距離で行われるロングタイプと、2000年のシドニーオリンピックから正式種目になった総距離51.5kmのショートタイプ(スイム1.5km+バイク40km+ラン10km)に大別され、国民体育大会では、ショートタイプで行われます。なお、トライアスロンは、2016岩手国体から初めて正式競技として開催されます。,69,10/2,0
80,2,高等学校野球,High School Baseball,硬式,高等学校野球は、硬式と軟式の2種目が開催されます。硬式の参加校は、当該年度の全国高等学校野球選手権大会(夏の甲子園大会)準々決勝に進出した8チームや開催県の代表チームなどから決定されます。軟式の参加校は、当該年度の全国高等学校軟式野球選手権大会に出場したチームから選抜されます。試合はトーナメント方式で行い、1試合9イニングで勝敗を競い、同点の場合はタイブレーク方式を採用します。(但し、決勝戦についてはタイブレーク方式を採用せず、両校優勝とします。),70,"10/2,10/3,10/4,10/5",0
81,2,高等学校野球,High School Baseball,軟式,高等学校野球は、硬式と軟式の2種目が開催されます。硬式の参加校は、当該年度の全国高等学校野球選手権大会(夏の甲子園大会)準々決勝に進出した8チームや開催県の代表チームなどから決定されます。軟式の参加校は、当該年度の全国高等学校軟式野球選手権大会に出場したチームから選抜されます。試合はトーナメント方式で行い、1試合9イニングで勝敗を競い、同点の場合はタイブレーク方式を採用します。(但し、決勝戦についてはタイブレーク方式を採用せず、両校優勝とします。),72,"10/2,10/3,10/4,10/5",0
82,3,綱引,Tug-of-war,,綱引は古代より各地で儀式と信仰から始まり、五穀豊穣や豊作豊漁祈願などお祭りの儀式が「一本の綱に8人が結集して引く」事を綱引競技化した、力と力がぶつかり合うシンプルなスポーツです。,19,"9/3,9/4",0
83,3,ゲートボール,Gateball,,ゲートボールは青少年の健全育成のため、ヨーロッパの伝統的な競技「クロッケー」をヒントに1947年日本(北海道)で考案されたスポーツで、今では世界30カ国以上で親しまれております。,73,"9/17,9/18",0
84,3,パワーリフティング,Powerlifting,,パワーリフティングとは、人間の基本運動要素(立つ、押す、引く)を 1.スクワット (脚力) 2.ベンチプレス(腕力) 3.デットリフト(背筋力) といった3つの競技種目に分け、人間の限界を競うスポーツです。,74,"9/10,9/11",0
85,3,グラウンド・グラフ,Ground Golf,,グラウンド・ゴルフは、昭和57年に鳥取県泊村で生涯スポーツ活動推進事業の一環として、新しいスポーツとして誕生しました。高度な技術を必要とせず、しかも全力を出す場面と、集中力や調整力を発揮する場面がうまく組み合わされており、ルールもごく簡単なことから、初心者でもすぐに取り組めます。,75,"9/24,9/25",0
86,4,ビリヤード,Billiards,,ビリヤードは、布を張って周囲をクッションで囲んだ長方形のテーブル上で、プラスティックのボールをキューと呼ぶ棒で突き、ボールとボールを当てたり、6か所のポケットに入れたりして、その技術を競うゲームです。古くは紀元前から楽しまれ、多くは室内で競技しますが、老若男女を問わず誰にでも競技することが出来ます。ビリヤードで使用するボールは、見た目もカラフルで美しいのですが、最近はテーブルの周りをかなり歩くので(2時間で五千歩程度)健康の為に楽しむ人も多くなっています。希望郷いわて国体ではポケットビリヤードのUSナインボールというゲームを採用する予定です。このゲームは、白いボールを突いて色の着いたボールをテーブル上にある少ない番号順に当てて、最終的に9ボールをポケットに落とした方が勝ち、というゲームでルールも簡単で分かり易く、ブレイクショットと呼ぶ初球もエキサイティングで、上級者のテクニックはダイナミックで見ている人も興奮します。,76,10/2,0
87,4,武術太極拳,Wushu taijiquan,,日本では太極拳と各種中国武術を総称し、「武術太極拳」の名称で普及が進んでいます。伸びやかでゆったりした動きが特徴の太極拳は、それぞれの体力に合わせて無理なくできる健康法として注目を集めており、子供から高齢者まで、老若男女が交流しながら取り組むことができる生涯スポーツです。また、競技スポーツとしてもさかんで、国内大会や国際大会が開催されています。競技は主に規定時間内で行う一連の型の演武で採点が行われ、技が正確で要求を満たしているか、武術としての表現ができているか、などで競われます。静かな気迫の中で次々と技が繰り出される演武は美しく、見るスポーツとしても魅力的です。,77,10/2,0
88,4,シーカヤックマラソン,Sea Kayak marathon,,シーカヤックは「海のトレッキング」ともいわれ、誰もが自分のペースで楽しむことができ、海の自然を全身で感じられるマリンスポーツです。雄大な三陸の景観と静穏な水域が保たれている宮古湾には、最適なマリンスポーツと言えます。シーカヤックマラソンは、全国各地で開催され、それぞれの地域の特色を生かしたルール構成になっています。「三陸シーカヤックマラソンレースin宮古」では1人艇・2人艇、シーカヤック・スプリント・シニアなど多数の部門を設け、それぞれのカテゴリーでタイムを競います。,27,9/18,0
89,4,ウォーキング,Walking,,ウォーキングコースは陸中海岸国立公園の真っ只中にあり、椿(3月～4月末)・ニッコウキスゲ(6月)等が咲き、リアス式海岸の絶壁の岩肌に白波がぶつかり、真っ青な海と空、松林の中の花とのコントラストが見事です。ウォーキングコースの碁石海岸コースは、日本ウォーキング協会認定の「美しい日本の歩きたくなるみち500選」の一つにもなっております。コース距離は11km、一部強烈なアップダウンもあり、変化に富んでおり岩手を代表するウォーキングコースです。,78,10/2,0
90,4,マラソン,Marathon,,有酸素運動の代表的な運動であるマラソンは、誰もが気軽に楽しめる運動として人気が高く、体脂肪を効果的に燃焼させ、「生活習慣病」の予防にも効果があると言われています。東日本大震災により被災した街を駆け抜けるコースでは、復興へ歩みを進める街の様子をご覧いただきながら、ゴールを目指します。決して速いスピードで走り続ける必要はありません。自分のペースで、景色などを楽しみながら走りましょう。,79,8/7,0
91,4,リレーション3,Reration 3,,リレーション3とは3人制ゲートボールのことです。通常のゲートボールは、5名の競技者が参加するチームで行いますが、リレーション3は、これを3名の競技者で行うものです。基本的なルールは、ゲートボールと同じで、スティックでボールを打って3つのゲートを通過させ、コート中央のゴールポールに早く当てて上がることを競います。点は、各ゲート通過時及びゴールポールにボールを当てた際に計上され、競技終了時に総得点の多いチームが勝ちとなります。自分のボールを相手のボールに当ててアウトボールにする等の戦略を駆使しながら、攻防を繰り広げる頭脳的なスポーツと言えます。,80,8/28,0
92,4,エアロビッグ,Aerobic,,エアロビックは、1967年にアメリカで提唱された運動理論、有酸素運動=「エアロビクス」より生まれたスポーツです。音楽に合わせて、独自のステップや技を構成してリズミカルに演技を行います。1984年より競技エアロビックとして日本を中心に発展し、選手層の厚さやその数では日本は現在も世界的のトップクラスにあります。24回継続して日本で開催している「エアロビック•ワールドカップ」も国際における日本の存在を不動のものとしています。エアロビックは当初、スタミナをつけ、ダイエット効果も高い運動として若い女性を中心に広がりましたが、今は小さな子どもからお年寄りまで、また、学校教育にも取り入れられるようになり、世代を超えて楽しめるスポーツとして親しまれています。初めてエアロビックに触れる初心者でも楽しめるエクササイズとして、リードインストラクターの指示に従い、軽快な音楽に合わせて踊るもの、また、パフォーマンスとしてチームで演技を発表し合うものなど、複数種目で開催します。やって楽しい、見て面白い!エアロビックの魅力を北上市から発信します。,81,6/5,0
93,4,ヒルクライム,Hill climb,,ヒルクライムとは自転車競技の一種で、峠や山の上り坂を自転車で登っていく競技です。登りきった先に満足感があると、チャレンジする人も増え、また平地のレースとは違い上り坂を自分のペースで上る為、他車との接触の危険性も少なく人気があります。そうした観点から、自転車に乗る人の間でヒルクライムは現在ブームとなっており、日本全国各地で数多くのレースが開催されています。なかでも本コースは数多くの温泉や豊かな自然に囲まれた絶好のロケーションに恵まれ、難易度も比較的初心者向けのため、数多くの人が参加しやすくなっています。皆様、新緑の中を駆け抜ける爽快感をぜひご体感ください!,80,7/3,0
94,4,フライングディスク アルティメット,Flying disc,,フライングディスクとは、ディスク(円盤)を用いた競技のことで、希望郷いわて国体では、アルティメットとディスクゴルフの2種目を実施する予定です。アルティメットは、各7人からなる2チームが100m×37mのコートでディスクをパスによって運び、敵陣エンドゾーン内で味方からのパスをキャッチするとポイントとなります。球技にはないディスクの飛行特性を使い、またスピードや持久力を必要とすることから究極(Ultimate)という名前がつけられました。スピリット・オブ・ザ・ゲームという紳士的な基本理念に基づき、審判を置かず選手同士の判断によるセルフジャッジを採用しているのも特徴といえます。,81,7/16,0
95,4,フライングディスク ディスクゴルフ,Flying disc,,フライングディスクとは、ディスク(円盤)を用いた競技のことで、希望郷いわて国体では、アルティメットとディスクゴルフの2種目を実施する予定です。ディスクゴルフは、個々にディスクを持った、一組3～4人のパーティーが専用のゴールにディスクを入れるまでの投数の少なさを、18ホールの合計スコアで競います。ティースローやアプローチ、パットなどに応じて形状や重さの異なるディスクを、プレーヤーの技術に合わせて選びます。遠投力、ディスクコントロールなど複合的な技術や、パット時の集中力などの精神的強さも必要とされる競技です。自然環境に親しみながら、グループで楽しくプレーができ、肉体的な消耗も比較的少なく、生涯スポーツ・3世代スポーツとして広く普及しています。,82,8/19,0
96,4,ペタンク,Petanque,,ペタンクは、今から100数年前の1910年にフランス南部の港町シオタで生まれ、日本には40数年前に伝えられました。「いつでも、どこでも、誰とでも」をキャッチフレーズに、子供からお年寄りまで多くの方たちが親しんでおります。ペタンクは、チーム対抗戦のボールゲームで、木製の小さい目標球(ビュット)に金属製のボールを投げ、どれだけ自軍のボールを多く近づけるかを競うゲームです。ゲームは両チームが6球づつ投げ終わったら1メーヌ(セット)が終了したことになり、得点を計算します。ビュットに相手チームの一番近いボールよりも自分のチームのボールが近づいていれば得点となり、例えば3個近づいていれば3点、5個近ければ5点獲得したこととなります。上記のメーヌを繰り返して、先に13点または11点を取ったチームが勝ちとなります。今ではレクリエーションとしての要素ばかりではなく、緻密な戦略の下、相手ボールやビュットを直接弾き飛ばす技法など高度な技術を駆使しての”競技スポーツ”として取り組むチームが多くなってきています。,83,9/4,0
97,4,スポーツ吹矢,Sports FUKIYA,,スポーツ吹矢は安全な健康スポーツとして、1998年に日本で生まれた新しいスポーツです。5～10m先の円形の的をめがけて、息を使って筒に入れた矢を放ちます。高い運動能力や腕力は要りません。スポーツですから、基本動作やルールがあり、その動作の特徴は胸式呼吸と腹式呼吸を使ったスポーツ吹矢式呼吸法で、集中力と精神力が必要です。競技会等では1ラウンド5本の矢を吹き点数を競います。スポーツ吹矢は、性別や年齢、障害を問わず、誰でも手軽にゲーム感覚で楽しみながら出来るスポーツです。ジュニアから高齢者まで、全国800の支部で約10万人の愛好者が、健康に、趣味に、仲間作りに、そして目標ややりがいをもって、スポーツ吹矢を楽しんでいます。,84,9/25,0
98,4,バウンドテニス,Bound tennis,,バウンドテニスをひと言でいうと、狭いスペースでできるテニスです。競技名は、ボールが“弾む”「バウンド(bound)」と“限られたスペース”で出来る「バウンダリー(boundary)」という英語の意味に由来しており、メルボリンオリンピックで活躍したレスリングのゴールドメダリスト笹原正三氏により考案されました。,84,9/25,0
99,4,ビーチバレー,Beach volleyball,,ビーチバレーは砂の上で行うバレーボールで、1920年代初頭にアメリカ・カリフォルニア州サンタモニカのビーチレジャーとして始まったのが発祥とされます。1996年のアトランタオリンピックでは夏季オリンピックの正式種目となり、日本では1987年、第1回ビーチバレージャパンが開催されたのをきっかけに、広く愛好されるようになりました。岩手県内のビーチバレーは、沿岸部の砂浜がある地域で開催されていましたが、1987年第1回松原カップが陸前高田市で、1988年第1回ビーチバレー岩手県大会が山田町で開催され、1992年には三陸博覧会の記念事業として宮古市で東北大会が行われ、現日本ビーチバレー連盟会長川合俊一氏が招待されました。,85,8/28,0
100,4,オリエンテーリング,Orienteering,,オリエンテーリングとは、山野で地図とコンパスを使い、地図上に示されたチェックポイントをまわってゴールするスポーツです。チェックポイント間の移動ルートは特に決められておらず、地図からの情報や自分の体力を考慮して自分なりのルートで進むところに特徴があります。,86,10/9,0
101,4,ダンススポーツ,Dance sport,,ダンススポーツは、男女がペアを組み音楽に合わせて踊るきわめて運動性と芸術性の高いスポーツです。1997年に国際オリンピック委員会(IOC)が国際ダンススポーツ連盟(IDSF、現在のWDSF)を正式承認団体としたことから、国際的に「ダンススポーツ」という呼称が定着しました。現在はスポーツ競技としてオリンピック競技への採用を目指して活動しています。種目は、スタンダード5種目(ワルツ、タンゴ、ヴィエニーズワルツ、フォックストロット、クイックステップ)とラテン5種目(サンバ、チャチャチャ、ルンバ、パソドブレ、ジャイブ)があります。競技者は、スピードとパワーの中に繊細なスピードの変化や身体を極限まで使ったダイナミックな動きで音楽の特性に合わせた美しさや感情を表現し、競い合います。また、スポーツ競技としての側面のほか、老若男女が共に楽しめる健康増進のための生涯スポーツとしても、多くの人たちに楽しまれています。,87,10/9,0
102,4,3B体操,3B Gymnastic,,3B体操は、3種類の用具(ボール・ベル・ベルター)を補助として使いながら、色々な音楽に合わせて行う健康体操です。ベビー&ママの体操、親子体操、ジュニア体操、成人、高齢者、障がいがある方の体操などがあり、遊びの運動、筋トレ、ヨガ、ダンスなどを取り入れ、仲間と楽しみながらできるのが特徴です。中央競技団体である日本3B体操協会は1968年から活動を開始し、現在では全国各地の愛好者は30～35万人を数え、各地区では毎年定期的に大会やつどいを開催しています。親子のコミュニケーション、運動不足、ストレス解消に、ぜひ体験して頂きたいと思います。,88,10/2,0
103,4,ネオホッケー,neohockey,,ネオホッケーは、1968年、スウェーデンのカール・オーケ・アールクヴィスト氏が考案した、体育館で行うホッケーのような競技で、プラスチック製のスティックとボールを使い、6人のプレーヤーからなる2チームによって対戦し、スティックを使って相手チームのゴールにボールをシュートして得点を競う競技です。1978年にわが国にニュースポーツとして紹介され、当初は、誰でも手軽に出来るレクリエーションスポーツとして導入されましたが、その普及理念により、運動量・競技性・意外性などの長所が見直され、幼児、児童生徒、若者はもとより、中高年、高齢者まで楽しめるスポーツとして幅広く普及してきました。,89,10/9,0
104,4,少年少女ホッケー,Hockey for boys and girls,,サッカーと同じようなスポーツです。ボールを足で扱うのではなく、スティックで扱います。男女とも、競技フィールドは人工芝で、サッカー場の半分程度の小さい感じの長方形です。ゴールはハンドボールとほぼ同じような大きさで、ゴール前にサークルと呼ばれるシューティングゾーンがあり、その中からシュートされたボールが入れば得点となります。,90,9/17,0
105,4,スポーツチャンバラ,Sports Chanbara,,スポーツチャンバラは、その昔、男の子たちが夢中になったチャンバラごっこに、ルールを設けて競技化したスポーツです。空気を入れたエアーソフト剣 を使い、相手の体のどの部分でも先に打てば勝ちという単純明快なルールで、防具もプラスチック製の軽い面をつけるだけで全くわずらわしさがなく、老若男女 の区別なくだれもが気軽に楽しむことができます。,91,10/2,0
106,4,ラジオ体操,Radio gymnastics,,ラジオ体操は、昭和3年に「いつでも、どこでも、だれでも」気軽にできる優れた健康法として考案されました。体をまんべんなく動かすために必要な運動を組み合わせてつくられていて、負荷も少なく、だれでも手軽にできる体操です。,92,10/2,0
107,4,室内雪合戦,Indoor snowball fight,　,室内で行う雪合戦です。,93,9/24,0
108,4,インディアカ,Indiaca,,インディアカは羽根の付いたボールを手で打ち合う、バレーボールタイプのスポーツです。ドイツで考案されたスポーツで、1936年、ブラジルの伝統的なゲーム「ペテカ(Peteca)」がドイツに持ちこまれ、その用具に改良を加えて、考案されたものです。名称は「インディアン」と「ペテカ」の合成語から由来しています。このスポーツは、「羽根付きボール」という特殊な用具を、1チーム4人で直接手で打ち合います。羽根付きボールは、ゆっくりととばすことも、速いスピードでとばすこともでき、しかも直接手で打つために、よりコントロールし易く、扱いやすいものとなっています。特に羽根によってスピードが緩和されるため、たとえボールに不慣れな初心者であっても、恐怖心を覚えずにプレーに加わることができます。 このような特徴によって、インディアカは初心者から熟練者まで、年齢性別を問わずにさまざまなレベルの人たちが、それぞれの技術、能力に応じて、遊技的なゲームから高度な競技にいたる多様なゲームを行うことができます。,94,10/9,0
109,4,クッブ,Kubbu,,クッブは、バイキングたちが生み出したと言われているスウェーデン生まれのスポーツです。両チーム5個ずつのクッブ(角材)を自陣コートに並べて、先攻後攻を決めます。先攻チームは6本のカストピンナ(丸棒)を投げて、相手コートのクッブを倒します。全部、クッブを倒したらキングを倒せます。先にキングを倒したチームの勝ちです。ただし、相手チームに倒されたクッブは、攻撃時に相手コートに投げ入れて、まずはそのクッブを倒さないと相手の元からあるクッブは倒せません。そのため、ゲーム展開はぐっとおもしろくなります。,95,10/2,0
110,4,ソフトバレーボール,Soft volleyball,,ソフトバレーボールは、「いつでも」「どこでも」「だれでも」「いつまでも」楽しめる生涯スポーツとして、25年前(1988年)に開発されたスポーツです。1チーム4人制で、コートの大きさはバトミントコートと同じで、ネットの高さも2mと低くなっています。ボールはバレーボールよりも柔らかいゴム製で、小学生から70歳以上の方まで年齢に応じて楽しまれています。,96,10/9,0
111,4,マレットゴルフ,Mallet golf,,マレット(mallet)とは英語で「木づち」のこと。マレットゴルフは、ゲートボール用のステックに似たマレットゴルフ専用のステックとボールを使います。決められた場所からカップまで、ボールを少ない打数で入れることを競う、ゴルフによく似たスポーツです。 ,97,10/9,0
112,4,ウォークラリー,Walk rally,,勝敗にこだわらず楽しさに重点をおきます。そのため、歩くことを通して健康づくり、地域の風土、自然に触れると言うことを大切にし、グループとのコミュニケーションを図ることを主な目的として行われます。,98,8/7,0
113,4,サーフィン,Surfing,,サーフボードを使った、いわゆる「波に乗る」スポーツです。一般的には、板の上に寝そべるようにして乗り、波の力の進行方向に向ってパドルし、板が波の斜面を滑り出すと同時に立ち上がり、波の浮力、弾性力と重力を利用して、巧みにバランスを取りながら水の上を滑ります。,99,9/4,0
114,4,パークゴルフ,Park golf,,パークゴルフは、昭和58年(1983年)に北海道幕別町の公園(パーク)で発祥したコミニュティスポーツです。岩手県には平成3年(1991年)に初めて(東北で2番目)洋野町に伝来され、全国的には平成4年頃から急速に普及の輪が広がっています。パークゴルフには、1自然を大切にするスポーツ、2三世代交流のスポーツ、3安全で楽しいスポーツの原点があります。,100,9/25,0
115,4,ターゲット・バードゴルフ,Target bird golf,,ターゲット・バードゴルフは、老若男女、だれでも気軽にゴルフの醍醐味が味わえるスポーツです。羽根付ボール使用のため風の影響は受けますが、飛距離も抑えられ、安全に楽しむ事が出来ます。羽根付ボール(専用ボール)をスイングマット(ゴルフ練習用のマット)に置き、ゴルフクラブ(PW・協会認定品)で打ち、ライン内のコースからはみ出さないようしながら(コース外はOB)、傘を逆さにしたようなホール(又はその下の輪)に何打で入れるかを競う競技です。競技コースは、広場等の状況に合わせて、凸凹な場所・コースの曲がり・障害物等を設置して、9ホール以上を設定します。,101,10/9,0
116,1,閉会式,Closing,,希望郷いわて国体の閉会式が行われます。,1,10/11,0
117,5,開会式,Opening,,希望郷いわて大会の開会式が行われます。,1,"10/22,10/24",1
118,1,陸上競技(身体・知的障がい者),Athletics,,身体障がいのある選手と、知的障がいのある選手が出場できる競技です。競走競技、跳躍競技、投てき競技の3つを実施します。障がい者スポーツ大会特有の種目を設ける、使用する用具を工夫するなどして、全15種目が行われます。競技場内には、競技者のほかに必要に応じて「介助者」や「伴走者」の入場が認められています。,1,"10/22,10/23,10/24",1
119,1,水泳(身体・知的障がい者),Aquatics,,身体障がいのある選手と、知的障がいのある選手が出場できる競技です。障がいの種類や程度に応じて競技方法を工夫して行います。,2,"10/22,10/23,10/24",1
120,1,アーチェリー(身体障がい者),Archery,,身体障がいのある選手が出場できる競技です。弓の違いによって「リカーブ」と「コンパウンド」の2部門があり、それぞれの部門で、次の2種目を実施します。50ｍ・30ｍラウンド。30ｍダブルラウンド,61,10/23,1
121,1,卓球(身体・知的障がい者),Table tennis,,身体障がいのある選手と知的障がいのある選手が出場できる競技です。卓球とサウンドテーブルテニスの2種類があります。サウンドテーブルテニスは、音を頼りに試合しますので、静かな場所で競技します。,33,"10/22,10/23,10/24",1
122,1,サウンドテーブルテニス（身体障がい者）,Table tennis,,身体障がいのある選手と知的障がいのある選手が出場できる競技です。卓球とサウンドテーブルテニスの2種類があります。サウンドテーブルテニスは、音を頼りに試合しますので、静かな場所で競技します。,33,"10/22,10/23,10/24",1
123,1,フライングディスク(身体・知的障がい者),Flying disc,,身体障がいのある選手と知的障がいのある選手が出場できる競技です。直径23.5ｃｍ、重量100±5ｇのプラスチック製の円盤を投げて競う競技で、円形ゴールを狙う「アキュラシー」と距離を競う「ディスタンス」があります。,58,"10/22,10/23,10/24",1
124,1,ボウリング(知的障がい者),Bowling,,知的障がいのある選手が出場できる競技です。ルールは、一般のボウリングと同じです。,65,"10/22,10/23",1
125,1,バスケットボール(知的障がい者),Basketbal,,知的障がいのある選手が出場できる競技で5人で男女別に競技します。ルールは、一般のバスケットボール競技と同じです。,84,"10/22,10/23,10/24",1
126,1,車椅子バスケットボール(身体障がい者),Basketbal,,身体障がいのある選手がが出場できる競技で車椅子を使用して5人で競技します。男女区分はありません。ルールは、一般のバスケットボール競技とほぼ同じです。,84,"10/22,10/23,10/24",1
127,1,ソフトボール(知的障がい者),Softball,,知的障がいのある選手が出場できる競技で9人で競技します。男女区分はありません。ルールは、一般のソフトボール競技とほぼ同じです。,46,"10/22,10/23,10/24",1
128,1,グランドソフトボール(身体障がい者),Softball,,視覚障がいのある選手が出場できる競技で10人で競技します。男女区分はありません。ルールは、一般のソフトボール競技を基本としております。ボールはハンドボール大の大きさのものを使用し、ボールの転がる音を頼りに試合しますので、静かな場所で競技します。グランドソフトボール（ＧＲＡＮＤ ＳＯＦＴＢＡＬＬ）とは、人々に強い印象を与える「感銘的な（すばらしい）ソフトボール」の意味を含んでいます。,58,"10/22,10/23,10/24",1
129,1,フットベースボール(知的障がい者),Kickball,,知的障がいのある選手が出場できる競技で9人で競技します。男女の区分はありません。ルールは一般のソフトボールを基本としていますが、バットやグローブは使わず、投手がサッカーボールを転がし、キッカーがそれを蹴ってプレーします。,46,"10/22,10/23,10/24",1
130,1,バレー(身体・知的・精神障がい者),Volleyball,,聴覚障がいのある選手6人で男女別に競技します。6人制バレーボールのルールにより競技が行われます。,19,"10/22,10/23,10/24",1
131,1,サッカー(知的障がい者),Soccer,,知的障がいのある選手が出場できる競技で11人で競技します。ルールは一般のサッカー競技と同じです。,4,"10/22,10/23,10/24",1
132,5,閉会式,Closing,,希望郷いわて大会の閉会式が行われます。,1,10/24,1